object_sample_id,sample_number,sample_name,sample_id
multiome_sample_1,1,multiome_01,P76W1
multiome_sample_2,2,multiome_02,P80W1
multiome_sample_3,3,multiome_03,P54W1
multiome_sample_4,4,multiome_04,P43W1
multiome_sample_5,5,multiome_05,P87W1
multiome_sample_6,6,multiome_06,P29W1
multiome_sample_7,7,multiome_07,P46W1
multiome_sample_8,8,multiome_08,P41W1
Sample_A_P76W6,9,multiome_09,P76W6
Sample_B_P80W6,10,multiome_10,P80W6
Sample_C_P54W6,11,multiome_11,P54W6
Sample_D_P43W6,12,multiome_12,P43W6
Sample_E_P87W6,13,multiome_13,P87W6
Sample_F_P29W6,14,multiome_14,P29W6
Sample_G_P46W6,15,multiome_15,P46W6
Sample_H_P42W6,16,multiome_16,P42W6
multiome_sample_17,17,multiome_17,P51W1
multiome_sample_18,18,multiome_18,P112W1
multiome_sample_19,19,multiome_19,P99W1
multiome_sample_20,20,multiome_20,P103W1
multiome_sample_21,21,multiome_21,P97W1
multiome_sample_22,22,multiome_22,P42W1
multiome_sample_23,23,multiome_23,P104W1
multiome_sample_24,24,multiome_24,P22W1
multiome_sample_25,25,multiome_25,P51W6
multiome_sample_26,26,multiome_26,P112W6
multiome_sample_27,27,multiome_27,P99W6
multiome_sample_28,28,multiome_28,P103W6
multiome_sample_29,29,multiome_29,P97W6
multiome_sample_30,30,multiome_30,P41W6
multiome_sample_31,31,multiome_31,P104W6
multiome_sample_32,32,multiome_32,P22W6