sample_number,sample_name,sample_id,patient_id,timepoint,bcg_week,sample_context,treatment,outcome_raw,analysis_outcome,nuclei_batch_id
1,multiome_01,P76W1,P76,pre,W1,pre-BCG,untreated,remission,recurrence_free,5
2,multiome_02,P80W1,P80,pre,W1,pre-BCG,untreated,recurrence,early_recurrence,5
3,multiome_03,P54W1,P54,pre,W1,pre-BCG,untreated,remission,recurrence_free,6
4,multiome_04,P43W1,P43,pre,W1,pre-BCG,untreated,recurrence,early_recurrence,6
5,multiome_05,P87W1,P87,pre,W1,pre-BCG,untreated,remission,recurrence_free,7
6,multiome_06,P29W1,P29,pre,W1,pre-BCG,untreated,recurrence,early_recurrence,7
7,multiome_07,P46W1,P46,pre,W1,pre-BCG,untreated,remission,recurrence_free,8
8,multiome_08,P41W1,P41,pre,W1,pre-BCG,untreated,recurrence,early_recurrence,8
9,multiome_09,P76W6,P76,post,W6,pre-sixth_BCG,BCG-treated,remission,recurrence_free,1
10,multiome_10,P80W6,P80,post,W6,pre-sixth_BCG,BCG-treated,recurrence,early_recurrence,1
11,multiome_11,P54W6,P54,post,W6,pre-sixth_BCG,BCG-treated,remission,recurrence_free,2
12,multiome_12,P43W6,P43,post,W6,pre-sixth_BCG,BCG-treated,recurrence,early_recurrence,2
13,multiome_13,P87W6,P87,post,W6,pre-sixth_BCG,BCG-treated,remission,recurrence_free,3
14,multiome_14,P29W6,P29,post,W6,pre-sixth_BCG,BCG-treated,recurrence,early_recurrence,3
15,multiome_15,P46W6,P46,post,W6,pre-sixth_BCG,BCG-treated,remission,recurrence_free,4
16,multiome_16,P42W6,P42,post,W6,pre-sixth_BCG,BCG-treated,recurrence,early_recurrence,4
17,multiome_17,P51W1,P51,pre,W1,pre-BCG,untreated,remission,recurrence_free,9
18,multiome_18,P112W1,P112,pre,W1,pre-BCG,untreated,recurrence,early_recurrence,9
19,multiome_19,P99W1,P99,pre,W1,pre-BCG,untreated,remission,recurrence_free,10
20,multiome_20,P103W1,P103,pre,W1,pre-BCG,untreated,recurrence,early_recurrence,10
21,multiome_21,P97W1,P97,pre,W1,pre-BCG,untreated,remission,recurrence_free,11
22,multiome_22,P42W1,P42,pre,W1,pre-BCG,untreated,recurrence,early_recurrence,11
23,multiome_23,P104W1,P104,pre,W1,pre-BCG,untreated,remission,recurrence_free,12
24,multiome_24,P22W1,P22,pre,W1,pre-BCG,untreated,recurrence,early_recurrence,12
25,multiome_25,P51W6,P51,post,W6,pre-sixth_BCG,BCG-treated,remission,recurrence_free,13
26,multiome_26,P112W6,P112,post,W6,pre-sixth_BCG,BCG-treated,recurrence,early_recurrence,13
27,multiome_27,P99W6,P99,post,W6,pre-sixth_BCG,BCG-treated,remission,recurrence_free,14
28,multiome_28,P103W6,P103,post,W6,pre-sixth_BCG,BCG-treated,recurrence,early_recurrence,14
29,multiome_29,P97W6,P97,post,W6,pre-sixth_BCG,BCG-treated,remission,recurrence_free,15
30,multiome_30,P41W6,P41,post,W6,pre-sixth_BCG,BCG-treated,recurrence,early_recurrence,15
31,multiome_31,P104W6,P104,post,W6,pre-sixth_BCG,BCG-treated,remission,recurrence_free,16
32,multiome_32,P22W6,P22,post,W6,pre-sixth_BCG,BCG-treated,recurrence,early_recurrence,16