result,analysis,legacy_source,input_needed,new_script,status,notes
Fig1a,Pre-BCG joint RNA-ATAC WNN UMAP,"TFRI P3 1.Rmd; figure generation - TFRI P3.Rmd",Pre-BCG RNA+ATAC object,scripts/03_pre_bcg_overview.R,FOUND,"WNN integration and UMAP code present"
Fig1b,Pre-BCG cell-level differential expression by cell type,TFRI_Supp_Figure_Construction.Rmd,Pre-BCG RNA object,scripts/04_cell_level_de.R,FOUND,"Wilcoxon FindMarkers by cell type present"
Fig1c,Pre-BCG pseudobulk DE and Hallmark pathway enrichment,"TFRI P3 5.Rmd; TFRI P3 6.Rmd",Raw RNA counts + sample metadata,scripts/05_pseudobulk_pathways.py,PARTIAL,"Final manuscript specifies DESeq2 + gseapy; legacy code contains related DESeq2/fgsea analyses but final workflow must be reconstructed"
Fig1d,Pre-BCG differential chromatin accessibility by cell type,"TFRI P3 1.Rmd; figure generation - TFRI P3.Rmd",Pre-BCG ATAC object,scripts/06_atac_differential_accessibility.R,PARTIAL,"Relevant peak-level code present; final exact analysis needs isolation"
Fig1e,Pre-BCG differential TF motif accessibility,TFRI P3 1.Rmd,Pre-BCG chromVAR/motif results,scripts/07_motif_accessibility.R,PARTIAL,"AP-1/chromVAR analyses present; exact final plotting block needs isolation"
Fig1f,Local AP-1 peak accessibility at CXCL8 and HLA-DRB1,figure generation - TFRI P3.Rmd,Pre-BCG multiome object,scripts/08_local_ap1_loci.R,FOUND,"Patient-level accessibility plotting code present"
Fig1g,CXCL8 and HLA-DRB1 RNA expression,figure generation - TFRI P3.Rmd,Pre-BCG RNA object,scripts/08_local_ap1_loci.R,FOUND,"Matched RNA expression plotting code present"
Fig2a,Longitudinal Hallmark enrichment post-vs-pre in responders,"TFRI P3 6.Rmd",Raw RNA counts + paired metadata,scripts/09_longitudinal_pathways.py,PARTIAL,"Manuscript specifies paired pseudobulk DESeq2 + gseapy; clean final implementation not identifiable in legacy code"
Fig2b,Longitudinal Hallmark enrichment post-vs-pre in non-responders,"TFRI P3 6.Rmd",Raw RNA counts + paired metadata,scripts/09_longitudinal_pathways.py,PARTIAL,"Same issue as Fig2a"
Fig2c,Post-BCG joint RNA-ATAC UMAP,"TFRI P3 1.Rmd; figure generation - TFRI P3.Rmd",Post-BCG RNA+ATAC object,scripts/10_post_bcg_overview.R,FOUND,"Post-BCG object generation/integration code present"
Fig2d,Post-BCG cell-level differential expression by cell type,TFRI_Supp_Figure_Construction.Rmd,Post-BCG RNA object,scripts/04_cell_level_de.R,FOUND,"Post-BCG Wilcoxon analyses present"
Fig2e,Post-BCG pseudobulk pathway comparison,Not clearly isolated,Raw RNA counts + sample metadata,scripts/05_pseudobulk_pathways.py,MISSING,"Final manuscript method can be reconstructed from stated DESeq2/gseapy workflow"
Fig2f,Post-BCG differential chromatin accessibility,TFRI P3 1.Rmd,Post-BCG ATAC object,scripts/06_atac_differential_accessibility.R,PARTIAL,"Relevant analyses present but final block requires isolation"
Fig2g,Post-BCG differential TF motif accessibility,TFRI P3 1.Rmd,Post-BCG chromVAR/motif results,scripts/07_motif_accessibility.R,PARTIAL,"AP-1 reversal is target result"
Fig3a-d,Pre-BCG CellChat analysis,Not found in supplied ZIP,Pre-BCG RNA object,scripts/11_cellchat.R,MISSING,"Post-BCG CellChat code found but pre-BCG equivalent not identified"
Fig3e-h,Post-BCG CellChat analysis,"TFRI P3 2.Rmd; TFRI P3 4.Rmd",Post-BCG RNA object,scripts/11_cellchat.R,FOUND,"TFRI P3 2 is explicitly titled Cell Chat Post BCG"
Fig4a-b,MiloR differential abundance of activated and classical monocytes,TFRI P3 3.Rmd,Integrated pre-BCG multiome object,scripts/12_milo_da.R,FOUND,"Per-cell-type MiloR workflow and SpatialFDR results present"
Fig4c-d,Hallmark enrichment in non-responder-associated monocyte neighbourhoods,TFRI P3 5.Rmd,Milo neighbourhood memberships + RNA object,scripts/13_milo_functional.R,FOUND,"RNA DE and fgsea analyses present"
Fig4e-f,AP-1 motif enrichment/accessibility in differential neighbourhoods,TFRI P3 4.Rmd,Milo neighbourhood memberships + ATAC object,scripts/14_milo_regulatory.R,FOUND,"AP-1 motif analysis present for activated and classical monocytes"
Fig4g-h,AP-1 regulatory-region enrichment among pathway leading-edge genes,TFRI P3 4.Rmd,AP-1 DA peaks + pathway leading-edge genes,scripts/14_milo_regulatory.R,FOUND,"Fisher enrichment workflow present"
Fig5a-c,Discovery-cohort AP-1 monocyte signature and ROC,TFRI P3 7.Rmd,Pre-BCG monocyte RNA object,scripts/15_ap1_signature.R,FOUND,"AddModuleScore patient aggregation Wilcoxon and pROC analyses present"
Fig5d-f,External single-cell AP-1 validation,ValidationAP1Signature.Rmd,GSE269877 Seurat object,scripts/16_external_validation.R,FOUND,"Macrophage/MDSC treatment-naive validation workflow present"
Fig5g-h,BRS GSVA clustering and progression-free survival,Not found in supplied ZIP,BRS bulk expression + clinical data,scripts/17_brs_validation.py,MISSING,"Manuscript specifies gseapy scikit-learn lifelines and scipy; Python analysis needs to be recovered or reconstructed"
Supplementary figures,DE volcanoes QC pathway plots and supporting analyses,TFRI_Supp_Figure_Construction.Rmd,Various,scripts/18_supplementary_figures.R,PARTIAL,"Map individually after main figures reproduce"
Raw RNA preprocessing,Scanpy QC Harmony clustering and annotation,Not found in supplied ZIP,Cell Ranger ARC matrices,scripts/01_rna_preprocessing.py,MISSING,"Current Rmd archive appears to begin downstream of the Scanpy workflow"
Raw ATAC preprocessing,ArchR QC LSI Harmony peak calling and chromVAR,Not found in supplied ZIP,Cell Ranger ARC fragments,scripts/02_atac_preprocessing.R,MISSING,"No ArchR code identified in supplied Rmd archive"